"Role Name","Wallet Address","Discord User ID","Discord Username","Telegram Username","Twitter Username","Submitted Date"
"Raccoon OG","inj16mjrvu4lwdklf8w34fvcrhk7xa3yxhaqm84jnu","822158695282245653","boymeetsworld67#0","N/A","bmw67_PRMR","2025-01-25T15:42:16.962Z"
"Raccoon OG","inj1w07njjyzlq24spumxw5w3u2j0l0m9hfdm05l8c","1182457295645450351","mimie_jayzz#0","N/A","N/A","2025-01-25T15:44:15.554Z"
"Raccoon OG","inj1uzlpyjtszla329xr6684a6ujhtyyqyc4dznlsk","1250915807660085274","bvg_zetsu#0","bvg_zetsu","bvg_zetsu","2025-01-25T15:45:58.297Z"
"Raccoon OG","inj1v038ggulvsfkeea3hdh5dyk869wlrzsrpgrczg","184721791074172930","sigmoz#0","N/A","ReynyBourse","2025-01-25T15:48:09.706Z"
"Raccoon OG","inj1v8zscalsd6akcwmjntzpffjs3xzcsxse62xtuf","1249740228965699604","delv_c#0","N/A","N/A","2025-01-25T15:49:03.166Z"
"Raccoon OG","inj1xtx6edf3003ansslyhz9sqjt5hlee7fjd0n6c8","1254407881248473129","_de_andree_#0","N/A","N/A","2025-01-25T15:56:46.089Z"
"Raccoon OG","inj19vqdkr9m20wcgpyter4ck4clamdcudnts40rch","774957927295483914","guneshwar#0","N/A","HajarimayumG","2025-01-25T16:18:09.824Z"
"Raccoon OG","inj1mzz2q5j0ln0u0fewmx90jkmmjtjlc5v2k5ut2e","354650188494929921","mooo8018#0","N/A","Mooo9980","2025-01-25T16:39:06.940Z"
"Raccoon OG","inj1uxvmqam9n4ey7xn3ra8wpaggfaeqs36z3ny9el","899262221245354025","mdcrypto#0","MDCryptoWorld","MDCryptoWorld","2025-01-25T18:08:31.904Z"
"Raccoon OG","inj1p9j4awtqyjv2cypp3uslnteeshzq9x0kfeugpk","390228417586397194","its_maico#0","N/A","maic012","2025-01-25T18:13:37.386Z"
"Raccoon OG","inj1x8w0p8675jnl5sxmqagdljjsfnprnxuwhlsp30","1202755834438877218","sheddygadzama#0","N/A","goodness649814","2025-01-25T18:21:19.009Z"
"Raccoon OG","inj19gkt7zdltr64efe8vwgey3juxcknd5klz4crga","689027745455407171","k.ziga#0","N/A","skokec_pokec","2025-01-25T18:27:22.257Z"
"Raccoon OG","inj1vjse03ar43j3r6udtgzevadgjympjgdptkneff","1241374827336564742","solpanda0271#0","Solpanada","INJpanda","2025-01-25T18:46:26.841Z"
"Raccoon OG","inj10rlrz5em5njpwvza65ecrxut79pmxvvyvtvtax","892845867764178955","gurayakgur#0","guray_akgur","BlockchainGemi","2025-01-25T19:56:56.761Z"
"Raccoon OG","inj143fx0awpu0yefkfzlvwv30sax3y547zqr7sq6j","1205570519416438855","mariecpt#0","N/A","N/A","2025-01-25T20:19:57.868Z"
"Raccoon OG","inj1qe6et9609vy5vx2rsj8668feufsufn504lz0lg","919365303656415243","dayve04_#0","N/A","Dayve17_","2025-01-25T20:29:40.404Z"
"Raccoon OG","inj1lme0qm0qw7y6dq8t2285ax096e6rt49xkr5t0k","840675563097161759","otakuboy7084#0","N/A","Ogie_Luffy","2025-01-25T21:57:09.066Z"
"Raccoon OG","inj1f0p6r087sxa3d4y9fkaz8dnn4rq4wkem59x92a","1146814208160313354","web3_lastborn#0","N/A","web3_lastborn","2025-01-26T00:26:31.268Z"
"Raccoon OG","inj1fts78hzpzvw499vlk68gk2jqcq0mncpcnuzuzw","368275886803255297","ducky666zz#0","N/A","ducky666zz","2025-01-26T02:37:19.064Z"
"Raccoon OG","inj1mn5qz6ya5kx3f0fhca87hk5pt35y7nh6kj0jzr","804687093266907186","leonoorcosmos#0","N/A","LeonoorCosmosNL","2025-01-26T10:07:54.378Z"
"Raccoon OG","inj1p7mmm3mlktzd3z7kvncssdjlgznqxpha9ma0mm","1088003575025770506","misbah555#0","Mishamud","MisbahMudassar7","2025-01-26T13:43:22.350Z"
"Raccoon OG","inj1fycp9tekyqwwfzdqlnhysr0t7phklq9dl2tf2y","938773510791245864","mms6032#0","mudasar007","MudasarShahzad","2025-01-26T14:09:45.506Z"
"Raccoon OG","inj12r6kvcdktc3dg6g6ey6qr47dyx6tvm4m7nj50l","428537981998202890","sumeet77#0","N/A","N/A","2025-01-26T18:18:18.646Z"
"Raccoon OG","inj1x45ltvqzanx82wutwdxaayzzu0a7a8q5j3pz2f","1120424569711370383","olafundzrichee#0","N/A","N/A","2025-01-26T18:20:55.813Z"
"Raccoon OG","inj1vh55dhurwgd2dsd5vwzfne9jmnsemgxqcejuzs","95312088490049536","kefun#0","taeyangkkoch","SKarY","2025-01-26T19:36:32.110Z"
"Raccoon OG","inj1pk2cxexcl6l8jq4y5h74d5wap24mzudtwkpxwu","950024040943321109","babakekere#0","N/A","N/A","2025-01-26T19:42:19.283Z"
"Raccoon OG","inj16q2v6xz9zaljanq85kffql7z2mrhe54czjfdak","1134926088263434380","chrysolite03#0","N/A","ChrySan_Th3mum","2025-01-26T23:56:45.250Z"
"Raccoon OG","inj1qhaep35lrr0ux4l0xxqnfdrjteepqw0njeff92","283311984215326722","tm_jhn#0","N/A","N/A","2025-01-27T08:33:52.249Z"
"Raccoon OG","inj184x8kyqwj5fqnvyhg35f78jm9arjtngcxyf3d8","1158326356791267359","poko120141#0","N/A","N/A","2025-01-27T15:04:02.924Z"
"Raccoon OG","inj1heaz8sxwq8c2utahnh02n8kx9tyy0399anszty","534027215973646346","rxx#0","N/A","Rxx_CR","2025-01-28T15:30:35.586Z"
"Raccoon OG","inj1fppvalc6hg9euggsyh5wjppzs507xdez7p47pm","637793083886534707","dreamquentin#0","N/A","N/A","2025-01-29T09:42:20.385Z"
"Raccoon OG","inj13ndl5kqqentmpmdahqfww2kxsljkkjvcv52kes","1211119207631028244","sunday_baba#0","N/A","N/A","2025-01-29T14:27:38.104Z"
"Raccoon OG","inj1pntqgj09j6u9vu3vcruhy3hc50033wv6yhfeft","1266930777577226343","bertonara#0","N/A","N/A","2025-01-29T18:13:40.173Z"
"Raccoon OG","inj1qmc7w099c5dwrh072wnpwfev5gafmu6p296uhh","1133457357981089884","barmee01#0","N/A","Barmee01","2025-01-30T00:39:23.070Z"
"Raccoon OG","inj1sxhkhyfvek34qj86hwmynheqdfj7pngz76mp9d","527400027572666379","witzqie#0","N/A","N/A","2025-01-30T04:00:15.113Z"
"Raccoon OG","inj1ueh4v760hwvkycqkxumqk8ar4x76pcd9yx9n54","1005168864809717771","enduranceudoh#0","N/A","phantom00X_","2025-01-30T17:57:56.914Z"
"Raccoon OG","inj1946rlp5amcfg3r60lm3nc6l6d9kmnznncjq6dh","1221068200851017740","aether_grx#0","N/A","N/A","2025-01-31T17:08:16.027Z"
"Raccoon OG","inj18tjs2wq9vd5rvl8amup02vzswdd20d0vc4tp4q","704768798758010991","klairz#0","klairzz","Klairz1","2025-01-31T21:22:46.368Z"
"Raccoon OG","inj14j8v4ak2l02qh3rnx09awk5626y6xa7zhgtnhk","939675798942675065","john_dgreatest#0","N/A","John_Dgreatest","2025-02-01T16:12:20.032Z"
"Raccoon OG","inj1lj2ezne9luavk8w7qwvlqzzlu65m2cynfdr309","1187468745669619745","14_victor#0","N/A","VictorOduntan2","2025-02-04T01:48:17.757Z"
"Raccoon OG","inj1t9fq7pcclfx6rge43a3j28kvxtrggcew6neeld","853684693391114271","usmann_l#0","N/A","Awtlawusy","2025-02-05T19:45:22.946Z"
"Raccoon OG","inj1h3xr6579zp7f3ctm6jq70rs6fv5rxtrqwa7myu","347389153949777933","nomberfax#0","N/A","NomberFax","2025-02-05T22:22:54.125Z"
"Raccoon OG","inj1lvhlpk8k9jv32hntcq70g0r07qz5wccgjtx5ma","1027860743363768330","tupusss#0","N/A","N/A","2025-02-06T16:27:44.244Z"
"Raccoon OG","inj16x73grft7ltenk8azjqsek9fstn3et2edgdedm","1210826833105526805","ottyub.#0","N/A","N/A","2025-02-07T06:34:59.402Z"
"Raccoon OG","inj1t8wuan5zxp58uwtn6j50kx4tjv25argx6lucwy","773597716105920512","opp789dra","N/A","opp789dra123","2025-02-08T01:00:12.614Z"
"Raccoon OG","inj1t3wcv3ps7l9vel39lt86llnnwjupv82g58xpxa","1240327028486443068","adura_crypto#0","Adura_Crypto","Adura_Crypto","2025-02-08T06:22:57.598Z"
"Raccoon OG","inj1p6faqszghayqwey2egv34a0hpergqe6yajngrn","930882872926158848","tugsmnft#0","N/A","MysonyT26400","2025-02-08T09:02:34.636Z"
"Raccoon OG","inj17up0zelj3c532zd8fdelxet79n2g40lknsskms","632748052582629377","tgsuu#0","N/A","mntugs","2025-02-08T09:03:10.870Z"
"Raccoon OG","inj1h72ygcu8fcrzzqvtpu4v8mvs7gfkmcklmeyrcd","1213474391434858520","blasterog#0","N/A","blaster02050239","2025-02-08T09:03:53.405Z"
"Raccoon OG","inj1jvefajzv4nmest0rvz2nyagrwvtxx8kgulpxhl","1213897492618543197","sodcard#0","N/A","BlasterNin","2025-02-08T09:04:15.194Z"
"Raccoon OG","inj1aah4vx0vvf0m8ddxhf53uhcqvkkywaragg3523","1217681449717858389","mr.exon.#0","N/A","MrCence86542","2025-02-08T09:04:40.479Z"
"Raccoon OG","inj1u44puguqe425spghcundwd4ktg54e4ee5wx58d","1217700016253309039","absensemum#0","N/A","AbsenceSup","2025-02-08T09:05:03.634Z"
"Raccoon OG","inj1xyrtq0hxpcdq4twvwr0k7aes4gcpjnkkv5j4y9","1220039240415707210","de_new_one#0","N/A","Desalution32945","2025-02-08T09:05:42.847Z"
"Raccoon OG","inj1674000dhhua9skchzwurstdfmq7ut5azvw7fdc","1277340542698786876","oyuankhbayar28#0","N/A","N/A","2025-02-08T09:06:02.081Z"
"Raccoon OG","inj1eqjsuuqz6krp0nmtgf88kk0vcw7vfzx57cmq6t","826027223211048971","mrp_nft#0","N/A","N/A","2025-02-08T09:20:33.329Z"
"Raccoon OG","inj1pknan5pk8jtvqt9tp9cdkhjnyvaegfygz0jmyu","468361978088521738","flovezen#0","N/A","EarnChasing","2025-02-08T20:31:01.085Z"
"Raccoon OG","inj15hy3ejeqg9qr92z8fmahxjqsspvzq5jt943a0l","829623581742202890","theecontent#0","N/A","N/A","2025-02-08T22:13:01.597Z"
"Raccoon OG","inj14vn4n9czlvgpjueznux0a9g2xlqzmrzm4xyl4s","927270505914961961","mirocrypto#0","N/A","JoshuaAbel68","2025-02-08T23:13:55.845Z"
"Raccoon OG","inj1ugt6p8utden5cu6dgmwsdrmt3ag3gulv05a2k0","1306773100066639903","becca02#0","N/A","N/A","2025-02-09T11:23:23.117Z"
"Raccoon OG","inj1p4mvsvtylwdsh9m6das2y7d9fdpvrcsv4d8lvg","876980349714980864","tiagomcz#0","tiagomcz","Tiagolimamcz","2025-02-09T11:52:13.998Z"
"Raccoon OG","inj1syam3jc74h83etcpzyzajv6jnytlnnxewe8s3a","993418492944588821","xlncphocus#0","Xlncphocus","Xlncphocus","2025-02-09T13:54:40.773Z"
"Raccoon OG","inj1g45d6cpk3tkk5sfsstrsk88249e69fk9znw3t8","527546332551053332","raju7071#0","N/A","RajuSar57482964","2025-02-09T16:29:34.695Z"
"Raccoon OG","inj1aluhneedc7dhjakd6guwzflg0hxjssy7rgyrxg","742677809805393990","victorokpukpan_#0","N/A","N/A","2025-02-09T17:32:40.984Z"
"Raccoon OG","inj16rxn2scw9uq5ftd9gjexjjpsnrykxjfs3rdjmd","714406023762411552","ongja.#0","N/A","Maeezyyy","2025-02-09T21:38:14.143Z"
"Raccoon OG","inj1vg6aumgew0fcssq9mpnxfup92asxdhs45ep3df","1180267302571221083","wamsy01#0","N/A","YWamughu","2025-02-09T23:14:32.231Z"
"Raccoon OG","inj1tskayghn5kkvrv2ww2z9gv8e8cgs5u56jqjlw7","1196562382374309931","zedd_d_artist#0","N/A","i_lolade","2025-02-09T23:43:42.466Z"
"Raccoon OG","inj1xfr8s7xw3cs6v8ula4vm4e8msf29v2u7e8wtes","972506250153717762","peter2001_#0","N/A","N/A","2025-02-10T06:32:29.208Z"
"Raccoon OG","inj126vmvlwdxjc42qp4qkpr7wwzfmxfzelwnr0qtw","742090932991819877","elherj1#0","N/A","elherj1","2025-02-10T08:36:04.342Z"
"Raccoon OG","inj1nplpdpmedq3zjxrhc6a3evw6unksn30z6226l0","1077980806804422808","tasha.inj#0","N/A","N/A","2025-02-10T09:40:22.316Z"
"Raccoon OG","inj1mp4zwptenwdpt7e09uxaglz38wl52vhsr2pemg","1313595371817271337","_yo_scottie_#0","N/A","N/A","2025-02-10T15:28:37.104Z"
"Raccoon OG","inj18uafk7jhvq6gs07q6tmefsf75ej7e49jjcrhs9","1179429950642724915","zushimonster#0","N/A","Zushimonster","2025-02-10T15:50:16.459Z"
"Raccoon OG","inj1y8qeun9lyu98y0vrvavccpunh7hzv2k5c9ujm0","339567625015394306","vulcan1904#0","N/A","FDCFerreira","2025-02-10T18:04:22.228Z"
"Raccoon OG","inj1e6kgswhnpfquddzsvxw6xs3lv8yx3gypen3ldd","994160973910904873","immaculate3755#0","N/A","N/A","2025-02-10T18:07:06.630Z"
"Raccoon OG","inj105sm7q8gyy7c93x74rrqzwttufklrptq7ufpy9","902714302639800331","royster_94#0","N/A","Royster_94","2025-02-10T18:56:10.379Z"
"Raccoon OG","inj188hu7265lyppdetxlamtsm0djh73lqm3wepjtm","1198400037164695567","honeypot010#0","N/A","N/A","2025-02-10T19:55:20.486Z"
"Raccoon OG","inj18pjp7dp7kxu269gddpelf23dmtjqj7ukcrxxa7","768755402325753880","qaxer#0","d_ajayi","ajayi_dami56431","2025-02-10T20:33:44.613Z"
"Raccoon OG","inj1t2q9dutkfzl4lmmqxsrq2k5lzaw7h7s3y6u8d4","1062032414299406436","maxiusrender#0","N/A","N/A","2025-02-10T21:10:19.367Z"
"Raccoon WL","inj1zhrx9wwc0u8edgsdfx7hmgxcz2me5pe5jpuhwk","1267392591855353866","defi_yukiee#0","N/A","N/A","2025-01-25T16:04:54.026Z"
"Raccoon WL","inj1hujg3tq69vmp7knsquvxp5y78csvnxa6gwarxa","1022073117394345984","yhnik2#0","N/A","Yhnik2","2025-01-25T22:18:38.434Z"
"Raccoon WL","inj199gsw763euhcwjp42stmlxgut3x8f8xnezxhr8","764581131370364969","lugdunoob#0","Lugdunoob","LugduA","2025-01-26T12:15:55.911Z"
"Raccoon WL","inj1tv9fc9zu49mcn0tcwxcu50txaflhmyhmrnf5r5","881737103011115058","kokolocoohno#0","N/A","PsyPa_Kogami","2025-01-26T20:11:25.722Z"
"Raccoon WL","inj1jw5qyya0czqmdvqjkkqzy4hpeutzyl45sh07uc","1207127169319444522","loveitfresh#0","N/A","haebaragi_lit","2025-01-26T20:12:03.901Z"
"Raccoon WL","inj1nwewvgx4qvy5r2wqfkgga6epaf7zsk7cqzh8m2","951034799492055080","felix_78#0","N/A","felixx_78","2025-01-30T05:46:40.044Z"
"Raccoon WL","inj1qchm5ukfcwgcflxggfeslfc6s7f238040u2nel","917868528630112266","bogieman__#0","N/A","Ibrahim_2053","2025-01-30T11:37:31.801Z"
"Raccoon WL","inj1e7u5f20kxe7yk7y9fuu39pm48p93ft0yt3lye5","1184121054101250078","whyreo#0","N/A","Whyrframe","2025-01-31T20:27:00.290Z"
"Raccoon WL","inj135cs8mrx3qt59s8lk3ac8yl0hfvlpnehxnufkk","1052678358070214696","venandi_vix#0","N/A","Jewels019","2025-02-01T05:29:47.709Z"
"Raccoon WL","inj17nnhn053zkzjup4ueqyf2y88clexjf0kyz7wp4","1286981382974996527","lord_vix#0","N/A","lordvix28","2025-02-01T05:35:18.000Z"
"Raccoon WL","inj10kneg8yk8ky9053m2jsswacql6ggygj47753ts","1289528870449582120","erentiger#0","N/A","tiger_eren","2025-02-01T05:36:19.860Z"
"Raccoon WL","inj13wz3kde58emxzp63r6pvkgadjnyqx0x9ze3yrv","920744625780707348","king_sammie#0","N/A","Muelz_","2025-02-03T22:32:13.562Z"
"Raccoon WL","inj1z6vjktwnr4raxeq9j8s7chc3fcjjcm6qxc54my","937959459018395719","swizz_ie#0","N/A","N/A","2025-02-03T22:34:21.067Z"
"Raccoon WL","inj17alh36wu0rxgpwkahhdn8gzypuc8nr09c688kh","937826020071989248","olayinkizzy#0","N/A","xelonmuelz_","2025-02-03T22:39:49.792Z"
"Raccoon WL","inj16vry6p4k38j4jvmnhtvtwcql2k93kp5539y52g","968844890714832926","noname09942#0","N/A","N/A","2025-02-03T22:41:56.180Z"
"Raccoon WL","inj1cpa2jnzx9rm248ntp5v9td2urcpev4ul79s77l","941403658912931870","barnes01_#0","N/A","fokomoli","2025-02-03T22:42:41.512Z"
"Raccoon WL","inj1pqttkpnjehjyqvnct2adxpr06p6yuakndqh9ps","1018750612881559563","sexy_yui#0","N/A","LitFresh1","2025-02-04T00:44:44.534Z"
"Raccoon WL","inj19ga0qj33ft7pd3a7lgthrxw2qtwcdnr5wau7nu","1070792901350654023","houston2585#0","N/A","Wagmi_Shegx","2025-02-04T16:43:56.317Z"
"Raccoon WL","inj17unlss3glxljpp4sp7f09y0k5n9mkcnzrj48ld","1024868108785176637","dianpo#0","N/A","Underdog999999","2025-02-05T00:40:07.659Z"
"Raccoon WL","inj1ays90fcn0g5tfxaxzaf5sqmtfljykdjkqj4uw3","1181145965860769852","aytee_xi#0","N/A","N/A","2025-02-05T17:34:29.061Z"
"Raccoon WL","inj1kyh2ndzr5rkyaly9jjp2r5lmz9u2mrt5dc6qmw","967070134051156028","banterboy.sol","N/A","N/A","2025-02-06T07:04:42.416Z"
"Raccoon WL","inj164au2u50q9c40e3k9jvmrnu23x24cl7yx0rw86","1289556488528072787","blakiii13#0","N/A","N/A","2025-02-06T16:23:56.516Z"
"Raccoon WL","inj1vphskxfa5t0ftlxc8zpkhudqzn44ldwz38rnal","1282790715952332900","niso_001#0","N/A","N/A","2025-02-06T22:08:00.441Z"
"Raccoon WL","inj1a83wjr90jcwg8jztn5zfjnvec05wms724cwd3z","1311638812102889526","hazelmedia#0","N/A","N/A","2025-02-07T06:47:42.673Z"
"Raccoon WL","inj1r8e48dnhw8tmqrlekndr6gfrejz83lvw2t5lhx","1275820634987036714","quin_cherryle#0","N/A","N/A","2025-02-07T06:51:41.173Z"
"Raccoon WL","inj16vtfljt8wvg6vwvx5x83lf66ygr4k5wg3zjk4r","1312074806522417285","pretty_delphie#0","N/A","N/A","2025-02-07T06:55:11.199Z"
"Raccoon WL","inj1ddl0jch77ygn5mwxqfw92jhyyzs3w5f450jdsz","843497106891341864","turbold4254#0","N/A","N/A","2025-02-08T09:20:39.314Z"
"Raccoon WL","inj1p6dhague9hvxxjywhu9jzwx9lnulp07w4wdavy","1262132470422179943","dashka058707#0","N/A","N/A","2025-02-08T09:21:03.722Z"
"Raccoon WL","inj10qzywynxxggkpsf2jqcap584swa9ktyq0sqar6","1279019814647762966","blaavgai.#0","N/A","N/A","2025-02-08T09:21:44.191Z"
"Raccoon WL","inj1szknhhp43yd05dnpnyvwrat03zdw7mwndqag92","1278193502953406494","sundaysummer#0","N/A","N/A","2025-02-08T09:26:45.778Z"
"Raccoon WL","inj1g7s0xlg6atns3nds0585yrkrwdpef8n9skt0t9","1277970696001290341","mutendaa#0","N/A","N/A","2025-02-08T09:28:16.226Z"
"Raccoon WL","inj1yq0kz7xnkqf8ka59k34gaw976ha9frtrsyjsgf","1279140889058611298","zeely0870#0","N/A","N/A","2025-02-08T09:29:24.694Z"
"Raccoon WL","inj14e6slj6x6k3cl747kqhrps2e6vw4gl9mzmsk06","704722268164456518","epornhub#0","N/A","N/A","2025-02-08T09:48:01.238Z"
"Raccoon WL","inj1dph2m7w7gzprdynds8hjklr78hwcz4cv89xkfj","1213156906722533407","mary_inj#0","N/A","N/A","2025-02-08T10:26:32.015Z"
"Raccoon WL","inj1u7usgmq63t7umytly220yxw4pu7t60xy73ynyz","941425761628340284","meowza_gr.#0","N/A","Meowzakie","2025-02-08T14:11:04.664Z"
"Raccoon WL","inj1s65g8gfq4w2c85ul05yxm3scfdjsr4r26uend5","496725208800165896","_ferdydurke#0","N/A","qbz28","2025-02-08T14:30:23.467Z"
"Raccoon WL","inj15jjf9rd3stdftm2tr5nym43he943dkkuz7yn4n","1110651005693075516","choco_alien1#0","ezpz_1006","Alien_choco","2025-02-08T21:00:24.209Z"
"Raccoon WL","inj1jvt82yzkwvxga6wwmy8hwf8amy4zsjsz3sgy4a","971054777993678919","sr_1006#0","ezpz_9089","ezpz_alien","2025-02-08T21:01:38.192Z"
"Raccoon WL","inj1s5xntgyyf0mahwu4vwyct7dt9hsla5fy64ffqn","222817803772755969","prideee.#0","N/A","Prideeee94","2025-02-09T04:19:44.583Z"
"Raccoon WL","inj1cumsrfcnw900xlv6hcwcv8tkxmh7284pcy9yx2","1005766707140366377","marvel0202#0","N/A","N/A","2025-02-09T09:14:00.371Z"
"Raccoon WL","inj1e34z2j8ekhdlrhkwlvjqc2mdekfhc6u36xvnu2","1188433070588694600","nxteleniyan#0","N/A","nxt_eleniyan13","2025-02-09T10:04:26.170Z"
"Raccoon WL","inj1jlxtzrd7gjgf9c0e75ft8zas4zj8rtzyhg46q6","1298759771033440339","scott028740#0","N/A","N/A","2025-02-09T13:19:17.031Z"
"Raccoon WL","inj126az36acrnfl2m2zxmrymlv4yxlkxd0hlvk00g","1011605793356906566","altamashkhuwaja#0","Altamashkhuwaja","AltamashKhuwaja","2025-02-09T23:39:10.600Z"
"Raccoon WL","inj1n6nxksfutrgmcp2wsrljnx9w7xm6gd9qhpekdk","889578959417774120","istephenson0773#0","N/A","iStephenson7","2025-02-10T00:47:06.457Z"
"Raccoon WL","inj16cfmn97yvjeypvam6xe9wwtxyq6aswa5s8dyjd","999011052006154260","dontfvckwithmybtch#0","N/A","Emhigh22","2025-02-10T06:14:12.328Z"
"Raccoon WL","inj10pw3dxzvstxx3rkkgm9w9v6lu40s05300z2fs7","1305629665527861318","theecorinthian#0","N/A","N/A","2025-02-10T08:54:20.264Z"
"Raccoon WL","inj1qxrmtyjaye46xr6j25wnxjggleuwmsfw6ww94h","841061478597656586","amurn1#0","N/A","Amurn__","2025-02-10T09:22:53.559Z"
"Raccoon WL","inj1jru3vvq2k0vgdu9clcl5lc2xn9le955lhqa4qy","1028743440227369063","yun232#0","N/A","Cantowolf14","2025-02-10T09:41:29.993Z"
"Raccoon WL","inj1j43zhx39qnur269u0nnkvuxnd8d84lrrv239m5","1074662426655588372","simp5025#0","N/A","N/A","2025-02-10T09:44:47.956Z"
"Raccoon WL","inj1q03k9m5dqwp3wqye5mpn8204kp9v0ey2gaa0da","1145824366039404595","goldy12_#0","N/A","N/A","2025-02-10T10:09:26.172Z"
"Raccoon WL","inj12e8hwpnhvdczk8gq5f27e8pwymfn0lhhkpgu4f","1212217226166403132","gustavodacrypto","gustavoDacrypto","gustavoDacrypt","2025-02-10T11:18:34.324Z"
"Raccoon WL","inj195zp2px8gc45ra6qwunxvls4e3spz6srg679v4","1145179374782521475","joseph69366#0","N/A","N/A","2025-02-10T11:54:52.646Z"
"Raccoon WL","inj1txs8klszms9ccj9fxz7g4v6mghzpsvm6cnk4dm","944447602789851146","jimy1435#0","N/A","N/A","2025-02-10T16:48:25.075Z"
"Raccoon WL","inj1p47jm9zwmqe5qvs4hnd7hnjfgdnrczqshpfq6d","907371228057178112","mickseg20#0","N/A","socrates122263","2025-02-10T16:56:13.098Z"
"Raccoon WL","inj1tv3uw9gw5psmxxtsvthm3r67d2dsmk9xq0ydgs","920325536247578654","johnwk73#0","N/A","Casaralo","2025-02-10T17:06:23.416Z"
"Raccoon WL","inj10nf2zm2mqvs5pfdsm2q4wgjsm3ccvzc8e00a3r","941009205047988264","realtoffy#0","RealToffy","Real_Toffy","2025-02-10T19:07:22.995Z"
"Raccoon WL","inj17pd7tg4urfurk8cnfqxyzgq9dn9qa4hc8tr8kl","1122027749024993292","awal024#0","N/A","TheAwal024","2025-02-10T20:20:54.120Z"
"Raccoon WL", "inj1zw5qfms757f700w0qud3xt37k8f7rr4fnh9zsz","", "", "", "", ""
"Raccoon WL", "inj1lrv0zu0cwaehz5420muyvzwrr9fe8nal8c9zzs","", "", "", "", ""
"Raccoon WL", "inj1kwkvy8x25hfmpln36mwgvfzggaujjqy5qa5x0k","", "", "", "", ""
"Raccoon WL", "inj1ckeqpg3pmgend0jw2x60t6vcns22m2ln9eewzn","", "", "", "", ""
"Raccoon WL", "inj1kedd3dv9mw8ncjdm0564a6e4a8er4kulv7n45a","", "", "", "", ""
"Raccoon WL", "inj1977wmp5kuc7weu23f3a6zma4zwlut465cqypt3","", "", "", "", ""
"Raccoon WL", "inj1t2rckk9nd5wr36rj9ggcc00ldzc9a9yyq5t7xe","", "", "", "", ""
"Raccoon WL", "inj1ecqzy4zmllt4wpj82xpdcghkm7a2tjqawphlss","", "", "", "", ""
"Raccoon WL", "inj1w2f93e2q25qv7zffm7grp5nmuanuk2wzkxqels","", "", "", "", ""
"Raccoon WL", "inj1ztx5std0mqmrty9v8x6r8hfwdvpj90g8rw2wt4","", "", "", "", ""
"Raccoon WL", "inj1ufm67z2w25qmd78wge2zrq7d8eh30vxve76kv4","", "", "", "", ""
"Raccoon WL", "inj1qt5tj2mwsvd4ss7g28mglvks28wdpvt0undwz6","", "", "", "", ""
"Raccoon WL", "inj1vyvgfq3ds2rrelcu2rujkns2crs3z8plf4pc54","", "", "", "", ""
"Raccoon WL", "inj1977wmp5kuc7weu23f3a6zma4zwlut465cqypt3","", "", "", "", ""
"Raccoon WL", "inj1qd0g0ccl5xj46vz0ancwmha00xzyuxua35dndw","", "", "", "", ""
